{
  "best_fold": "0",
  "best_val_loss": 0.5588648683494992,
  "best_val_mae": 0.5572800040245056,
  "cv_mean_loss": 0.6986103802919388,
  "cv_std_loss": 0.13974551194243956
}